[
    {
        "id": 0,
        "description": "teste de api",
        "status": "Em Andamento"
    },
    {
        "id": 2,
        "description": "mais um teste alterado",
        "status": "Concluido"
    },
    {
        "id": 3,
        "description": "outro teste 1",
        "status": "Concluido"
    },
    {
        "id": 4,
        "description": "api teste",
        "status": "Em Andamento"
    },
    {
        "id": 5,
        "description": "mais nova tarefa",
        "status": "Em Andamento"
    }
]